"DisplayName","UserPrincipalName","Department","JobTitle","Id"
"Alex Adams 1","alex.adams1@omniverse689.onmicrosoft.com","Engineering","Cloud Engineer","779983c9-44cb-42cb-9f72-47763dcc1897"
"Blake Baker 2","blake.baker2@omniverse689.onmicrosoft.com","Engineering","Cloud Engineer","7657e3c6-7028-49ec-9f7a-b33c1a2585b2"
"Cameron Chen 3","cameron.chen3@omniverse689.onmicrosoft.com","Engineering","Cloud Engineer","9260911e-0ba9-4d08-b680-05e5e4370443"
"Casey Davis 4","casey.davis4@omniverse689.onmicrosoft.com","Engineering","Cloud Engineer","5220e52b-4bce-44a5-b8ab-2cb0ce3f9428"
"Dakota Evans 5","dakota.evans5@omniverse689.onmicrosoft.com","Engineering","Cloud Engineer","efd7977e-9847-4df5-afae-470b121346f9"
"Drew Foster 6","drew.foster6@omniverse689.onmicrosoft.com","Engineering","Cloud Engineer","1302ff8a-344f-4f02-b4b6-efbcf90c7e36"
"Elliott Garcia 7","elliott.garcia7@omniverse689.onmicrosoft.com","Engineering","Cloud Engineer","258b8854-e8d9-4da3-b0b0-c3fa7c7f54c2"
"Finley Harris 8","finley.harris8@omniverse689.onmicrosoft.com","Engineering","Cloud Engineer","5a06ac35-b24a-411b-86da-c952ee8d6930"
"Harper Irving 9","harper.irving9@omniverse689.onmicrosoft.com","Engineering","Cloud Engineer","0f2783e3-7e7c-4833-9509-79256e078fe1"
"Jordan Jones 10","jordan.jones10@omniverse689.onmicrosoft.com","Engineering","Cloud Engineer","2b4eb750-8aaa-4118-b29f-70716d6ee748"
"Kennedy Kim 11","kennedy.kim11@omniverse689.onmicrosoft.com","Engineering","Cloud Engineer","f8944b24-2a91-4c43-a5b1-b0065dec1eed"
"Lane Lewis 12","lane.lewis12@omniverse689.onmicrosoft.com","Engineering","Cloud Engineer","fb693243-43db-42fa-85a5-32660e780476"
"Morgan Moore 13","morgan.moore13@omniverse689.onmicrosoft.com","Engineering","Cloud Engineer","adfb992f-b01e-4ee0-a5ed-2220d4cf7954"
"Parker Nelson 14","parker.nelson14@omniverse689.onmicrosoft.com","Engineering","Cloud Engineer","b4f5fbfb-0726-412c-bb55-6c1a7600855c"
"Quinn Ortiz 15","quinn.ortiz15@omniverse689.onmicrosoft.com","Engineering","Cloud Engineer","128d0cbb-c0ce-44d0-9b65-b89359c1f78c"
"Reese Patel 16","reese.patel16@omniverse689.onmicrosoft.com","Engineering","Cloud Engineer","52402d67-45f1-43bc-b75a-5f9922d44ac1"
"Riley Quinn 17","riley.quinn17@omniverse689.onmicrosoft.com","Engineering","Cloud Engineer","73670ca2-d247-4261-836e-0c2adee34a16"
"Sage Rivera 18","sage.rivera18@omniverse689.onmicrosoft.com","Engineering","Cloud Engineer","181ae3a2-1609-44b0-a9b5-6231bf18dac3"
"Skyler Smith 19","skyler.smith19@omniverse689.onmicrosoft.com","Engineering","Cloud Engineer","31592093-9c2d-426d-ae8f-fbdbadf2b262"
"Taylor Torres 20","taylor.torres20@omniverse689.onmicrosoft.com","Engineering","Cloud Engineer","589ffe29-17fb-45f7-83d5-fa00cbd1705d"
"Avery Underwood 21","avery.underwood21@omniverse689.onmicrosoft.com","Engineering","Cloud Engineer","3293f128-5f9e-46c5-b634-84fe30247635"
"Bailey Vargas 22","bailey.vargas22@omniverse689.onmicrosoft.com","Engineering","Cloud Engineer","d300b2f2-3ec1-4dcb-a83b-0d3310ac44f2"
"Charlie Walsh 23","charlie.walsh23@omniverse689.onmicrosoft.com","Engineering","Cloud Engineer","ead1c324-eb8d-42e3-97fd-009b020b0d61"
"Dylan Xavier 24","dylan.xavier24@omniverse689.onmicrosoft.com","Engineering","Cloud Engineer","751d517b-f15a-4f5a-8f62-9af23424eb6f"
"Emerson Yang 25","emerson.yang25@omniverse689.onmicrosoft.com","Engineering","Cloud Engineer","8ac42183-16f7-4233-aeaa-12817d772dfa"
"Alex Adams 26","alex.adams26@omniverse689.onmicrosoft.com","IT","Systems Administrator","64e4a1fa-2d0d-4247-8f9f-ca8ad17a86ee"
"Blake Baker 27","blake.baker27@omniverse689.onmicrosoft.com","IT","Systems Administrator","18f8fc13-1783-4f29-a463-64e25dee9c81"
"Cameron Chen 28","cameron.chen28@omniverse689.onmicrosoft.com","IT","Systems Administrator","1ee69553-8ce3-4242-9d7a-7e2dcb1209c0"
"Casey Davis 29","casey.davis29@omniverse689.onmicrosoft.com","IT","Systems Administrator","f45bd8f7-363c-481f-84f4-811ded9cf9bb"
"Dakota Evans 30","dakota.evans30@omniverse689.onmicrosoft.com","IT","Systems Administrator","b8af6875-941d-4679-b757-a6c958957a80"
"Drew Foster 31","drew.foster31@omniverse689.onmicrosoft.com","IT","Systems Administrator","b0a0168b-290f-4523-9e45-1bcc52e504f6"
"Elliott Garcia 32","elliott.garcia32@omniverse689.onmicrosoft.com","IT","Systems Administrator","19b2a544-2a37-4663-a2eb-c45e7909be42"
"Finley Harris 33","finley.harris33@omniverse689.onmicrosoft.com","IT","Systems Administrator","0a7ca963-495d-4913-b4be-a6ca9973009a"
"Harper Irving 34","harper.irving34@omniverse689.onmicrosoft.com","IT","Systems Administrator","b4f2b2a7-5cac-457c-905f-a5e9c45f4e48"
"Jordan Jones 35","jordan.jones35@omniverse689.onmicrosoft.com","IT","Systems Administrator","aa262503-59c5-4140-b76d-6700b2bbc704"
"Kennedy Kim 36","kennedy.kim36@omniverse689.onmicrosoft.com","IT","Systems Administrator","621143d2-b741-43f4-a5eb-8a43821ee2f2"
"Lane Lewis 37","lane.lewis37@omniverse689.onmicrosoft.com","IT","Systems Administrator","896dfb6d-5e41-4a42-b40b-807b5c5dfd2d"
"Morgan Moore 38","morgan.moore38@omniverse689.onmicrosoft.com","IT","Systems Administrator","1054872c-9012-496f-893e-532b6168b815"
"Parker Nelson 39","parker.nelson39@omniverse689.onmicrosoft.com","IT","Systems Administrator","48120fe3-ea20-4a95-9bb9-49ec751bb674"
"Quinn Ortiz 40","quinn.ortiz40@omniverse689.onmicrosoft.com","IT","Systems Administrator","ceb4c946-e1c5-4896-ad0b-0b1a1b38050b"
"Reese Patel 41","reese.patel41@omniverse689.onmicrosoft.com","IT","Systems Administrator","e2f3c0f9-a323-4c6b-927f-366c7e9f8662"
"Riley Quinn 42","riley.quinn42@omniverse689.onmicrosoft.com","IT","Systems Administrator","9395bd39-9c6e-4d77-8154-44456b1344c4"
"Sage Rivera 43","sage.rivera43@omniverse689.onmicrosoft.com","IT","Systems Administrator","f421d661-3c4b-4f1d-b73b-d41a776c1f8b"
"Skyler Smith 44","skyler.smith44@omniverse689.onmicrosoft.com","IT","Systems Administrator","1254a761-b8af-4d48-9ba5-95a6e6779c32"
"Taylor Torres 45","taylor.torres45@omniverse689.onmicrosoft.com","IT","Systems Administrator","6ab15eab-3d5c-4520-bad1-e05b4d6f8492"
"Avery Underwood 46","avery.underwood46@omniverse689.onmicrosoft.com","IT","Systems Administrator","1fca79d2-20d5-41ce-a4c3-0ad2bd0fb96b"
"Bailey Vargas 47","bailey.vargas47@omniverse689.onmicrosoft.com","IT","Systems Administrator","affd1372-c39d-4bb0-b4d6-afef9b703d89"
"Charlie Walsh 48","charlie.walsh48@omniverse689.onmicrosoft.com","IT","Systems Administrator","53b8893d-e394-4550-a44c-2f54475e190a"
"Dylan Xavier 49","dylan.xavier49@omniverse689.onmicrosoft.com","IT","Systems Administrator","b4bece96-d1ff-47c0-b90b-bd26481e579f"
"Emerson Yang 50","emerson.yang50@omniverse689.onmicrosoft.com","IT","Systems Administrator","efea2a3e-2a04-411b-abbc-93e539b8557c"
"Alex Adams 51","alex.adams51@omniverse689.onmicrosoft.com","Security","Security Analyst","d784080e-daa8-43fa-b97a-e3020b567a82"
"Blake Baker 52","blake.baker52@omniverse689.onmicrosoft.com","Security","Security Analyst","faab511b-3579-4f2d-9c13-b025636fe23f"
"Cameron Chen 53","cameron.chen53@omniverse689.onmicrosoft.com","Security","Security Analyst","ee342aab-c6b2-4c48-b494-920083b8cadc"
"Casey Davis 54","casey.davis54@omniverse689.onmicrosoft.com","Security","Security Analyst","defa6de2-de05-49c1-bf49-4fecb62a418f"
"Dakota Evans 55","dakota.evans55@omniverse689.onmicrosoft.com","Security","Security Analyst","d74e8f1c-2636-46cb-a1e7-d022856331f2"
"Drew Foster 56","drew.foster56@omniverse689.onmicrosoft.com","Security","Security Analyst","550e272a-8100-45e9-86f8-7615bf361498"
"Elliott Garcia 57","elliott.garcia57@omniverse689.onmicrosoft.com","Security","Security Analyst","3bf6805c-f59c-4b22-821b-f44339894f4b"
"Finley Harris 58","finley.harris58@omniverse689.onmicrosoft.com","Security","Security Analyst","c3469a96-d557-4a05-ba50-279a50f54a4c"
"Harper Irving 59","harper.irving59@omniverse689.onmicrosoft.com","Security","Security Analyst","c76caa2a-09f4-4f2a-b7a2-e68ecb25d926"
"Jordan Jones 60","jordan.jones60@omniverse689.onmicrosoft.com","Security","Security Analyst","0db3aaa8-629d-4283-8512-167043c03c2c"
"Kennedy Kim 61","kennedy.kim61@omniverse689.onmicrosoft.com","Security","Security Analyst","6a91e2d7-8921-4423-8d35-da153887c867"
"Lane Lewis 62","lane.lewis62@omniverse689.onmicrosoft.com","Security","Security Analyst","b6f68e62-301f-4f3c-8e41-34eccb300970"
"Morgan Moore 63","morgan.moore63@omniverse689.onmicrosoft.com","Security","Security Analyst","170faa5d-b3ce-4348-946e-54efe877c578"
"Parker Nelson 64","parker.nelson64@omniverse689.onmicrosoft.com","Security","Security Analyst","2a473133-04dd-4bb4-9997-21915e4d031f"
"Quinn Ortiz 65","quinn.ortiz65@omniverse689.onmicrosoft.com","Security","Security Analyst","ef70f25d-bb37-4f71-9ba4-b44f3f5175e0"
"Reese Patel 66","reese.patel66@omniverse689.onmicrosoft.com","Security","Security Analyst","947bf180-c282-4e3d-8087-80b212ce1ec8"
"Riley Quinn 67","riley.quinn67@omniverse689.onmicrosoft.com","Security","Security Analyst","d2f5c18c-3ee3-4e7d-9381-f4f7dc88a712"
"Sage Rivera 68","sage.rivera68@omniverse689.onmicrosoft.com","Security","Security Analyst","dec12866-7647-4572-a23b-51b25fe2a2a1"
"Skyler Smith 69","skyler.smith69@omniverse689.onmicrosoft.com","Security","Security Analyst","6bbe88bd-c48e-456c-9353-eb65385daa5e"
"Taylor Torres 70","taylor.torres70@omniverse689.onmicrosoft.com","Security","Security Analyst","c966a309-83a3-4e3b-81eb-25df73509606"
"Avery Underwood 71","avery.underwood71@omniverse689.onmicrosoft.com","Security","Security Analyst","d9bb0043-3c00-4c03-9592-2e4e2158372d"
"Bailey Vargas 72","bailey.vargas72@omniverse689.onmicrosoft.com","Security","Security Analyst","e3f07c5d-0af9-415b-8c1f-b36e74308075"
"Charlie Walsh 73","charlie.walsh73@omniverse689.onmicrosoft.com","Security","Security Analyst","07104cfb-8e9c-45e4-9874-adbe473a7991"
"Dylan Xavier 74","dylan.xavier74@omniverse689.onmicrosoft.com","Security","Security Analyst","f454cb4e-424a-4751-823f-0e4c7a0e6fdf"
"Emerson Yang 75","emerson.yang75@omniverse689.onmicrosoft.com","Security","Security Analyst","484341ee-09c9-4f54-a6a7-c91f3c9c510e"
"Alex Adams 76","alex.adams76@omniverse689.onmicrosoft.com","Finance","Financial Analyst","f53e7d7c-f8db-4bef-930e-91d08065b68e"
"Blake Baker 77","blake.baker77@omniverse689.onmicrosoft.com","Finance","Financial Analyst","4cb71462-60f8-49d8-8748-439425324bc6"
"Cameron Chen 78","cameron.chen78@omniverse689.onmicrosoft.com","Finance","Financial Analyst","9f8b719c-eb5e-4cfc-b386-6f24ebf7d849"
"Casey Davis 79","casey.davis79@omniverse689.onmicrosoft.com","Finance","Financial Analyst","76261fd3-fe64-4131-ad3b-8ca794ce6d1c"
"Dakota Evans 80","dakota.evans80@omniverse689.onmicrosoft.com","Finance","Financial Analyst","b0697dc0-0fd9-47c2-bb30-59ced666ab2f"
"Drew Foster 81","drew.foster81@omniverse689.onmicrosoft.com","Finance","Financial Analyst","00b4aa1e-7e41-4329-9aa3-2c09c04c6de9"
"Elliott Garcia 82","elliott.garcia82@omniverse689.onmicrosoft.com","Finance","Financial Analyst","1a98f0f1-352a-4a32-a883-5c165cd2dde3"
"Finley Harris 83","finley.harris83@omniverse689.onmicrosoft.com","Finance","Financial Analyst","8ef24842-1837-466e-bff9-963580a285ff"
"Harper Irving 84","harper.irving84@omniverse689.onmicrosoft.com","Finance","Financial Analyst","90b783ae-97e2-4500-bf75-5c3d85394cc0"
"Jordan Jones 85","jordan.jones85@omniverse689.onmicrosoft.com","Finance","Financial Analyst","a12c98a3-89bc-4e2e-b711-c5235bddb96d"
"Kennedy Kim 86","kennedy.kim86@omniverse689.onmicrosoft.com","Finance","Financial Analyst","3ebacb97-bb7e-4e97-866c-8fefa0c75883"
"Lane Lewis 87","lane.lewis87@omniverse689.onmicrosoft.com","Finance","Financial Analyst","e99e5943-8e73-457f-9d54-703abe8c0668"
"Morgan Moore 88","morgan.moore88@omniverse689.onmicrosoft.com","Finance","Financial Analyst","ee18925b-518c-4a0b-87d7-e37822354f72"
"Parker Nelson 89","parker.nelson89@omniverse689.onmicrosoft.com","Finance","Financial Analyst","6b3cad10-dcdf-496c-9ef8-1984a0d1599d"
"Quinn Ortiz 90","quinn.ortiz90@omniverse689.onmicrosoft.com","Finance","Financial Analyst","df1cb2e7-3796-48d2-b789-88fb179bf773"
"Reese Patel 91","reese.patel91@omniverse689.onmicrosoft.com","Finance","Financial Analyst","da2d15b5-4b84-404e-bba3-87b5124b5318"
"Riley Quinn 92","riley.quinn92@omniverse689.onmicrosoft.com","Finance","Financial Analyst","83855694-dcc5-4263-be52-2c9c54d54c3a"
"Sage Rivera 93","sage.rivera93@omniverse689.onmicrosoft.com","Finance","Financial Analyst","95a20c2e-a650-4b9e-bd3e-f1178d231ed7"
"Skyler Smith 94","skyler.smith94@omniverse689.onmicrosoft.com","Finance","Financial Analyst","a6d40f55-cdbe-4a8a-a553-4e88951c613a"
"Taylor Torres 95","taylor.torres95@omniverse689.onmicrosoft.com","Finance","Financial Analyst","c9598532-cc11-4874-af03-902973e689a2"
"Avery Underwood 96","avery.underwood96@omniverse689.onmicrosoft.com","Finance","Financial Analyst","5451b99d-4875-42d1-9ec5-e4309ac25718"
"Bailey Vargas 97","bailey.vargas97@omniverse689.onmicrosoft.com","Finance","Financial Analyst","78b51c30-7630-4365-a520-54934ac40df0"
"Charlie Walsh 98","charlie.walsh98@omniverse689.onmicrosoft.com","Finance","Financial Analyst","f0f7be1f-7635-4195-9e80-5decb90755ff"
"Dylan Xavier 99","dylan.xavier99@omniverse689.onmicrosoft.com","Finance","Financial Analyst","588d3713-e631-47a6-9b8f-a915a0e4dcf7"
"Emerson Yang 100","emerson.yang100@omniverse689.onmicrosoft.com","Finance","Financial Analyst","94452d1e-61b0-4cf1-94b2-fe416ef1bb3b"
"Alex Adams 101","alex.adams101@omniverse689.onmicrosoft.com","HR","HR Business Partner","e2c7ac1f-4d8a-445d-af0b-52248b72471d"
"Blake Baker 102","blake.baker102@omniverse689.onmicrosoft.com","HR","HR Business Partner","a5476bfe-b988-43d0-95d8-d8dbf78905c5"
"Cameron Chen 103","cameron.chen103@omniverse689.onmicrosoft.com","HR","HR Business Partner","6bb8b8e9-44f1-4a04-8692-d358dbae639b"
"Casey Davis 104","casey.davis104@omniverse689.onmicrosoft.com","HR","HR Business Partner","e023abff-7cbe-4607-8871-9e4df4e0a9cb"
"Dakota Evans 105","dakota.evans105@omniverse689.onmicrosoft.com","HR","HR Business Partner","632fc417-a32a-46ef-b1b3-e02c70f3bd8f"
"Drew Foster 106","drew.foster106@omniverse689.onmicrosoft.com","HR","HR Business Partner","cf206c96-3bfe-4c61-bec0-e91545dd7f17"
"Elliott Garcia 107","elliott.garcia107@omniverse689.onmicrosoft.com","HR","HR Business Partner","ed5031d7-936d-4115-b54b-ac7877fc6b22"
"Finley Harris 108","finley.harris108@omniverse689.onmicrosoft.com","HR","HR Business Partner","05a2a7e9-df8d-4d86-b348-f0ab16f6b0c2"
"Harper Irving 109","harper.irving109@omniverse689.onmicrosoft.com","HR","HR Business Partner","81562f03-8a38-4f60-8988-19f49fb577aa"
"Jordan Jones 110","jordan.jones110@omniverse689.onmicrosoft.com","HR","HR Business Partner","d7f0fbc9-6cf0-40b1-a815-6be86fb7083b"
"Kennedy Kim 111","kennedy.kim111@omniverse689.onmicrosoft.com","HR","HR Business Partner","f682feb2-9691-4a8e-adda-d9cddd5db7eb"
"Lane Lewis 112","lane.lewis112@omniverse689.onmicrosoft.com","HR","HR Business Partner","d3e9557d-b1b6-41ea-ba7b-4d1314e7c2d6"
"Morgan Moore 113","morgan.moore113@omniverse689.onmicrosoft.com","HR","HR Business Partner","a08ad1f3-32eb-4139-893a-c8df73e66f63"
"Parker Nelson 114","parker.nelson114@omniverse689.onmicrosoft.com","HR","HR Business Partner","77cd72a9-3ff5-4b0f-ae92-738deb4df367"
"Quinn Ortiz 115","quinn.ortiz115@omniverse689.onmicrosoft.com","HR","HR Business Partner","f33cffcf-cdfc-45fd-a89d-a8b8ac732a5e"
"Reese Patel 116","reese.patel116@omniverse689.onmicrosoft.com","HR","HR Business Partner","8cdc549f-46fc-4a9f-bbb9-37d26cc2c8f0"
"Riley Quinn 117","riley.quinn117@omniverse689.onmicrosoft.com","HR","HR Business Partner","e5ca8e30-b813-42b7-a35e-0f04807ba615"
"Sage Rivera 118","sage.rivera118@omniverse689.onmicrosoft.com","HR","HR Business Partner","19b74b8a-03e3-4a6d-863f-717da03ef7ff"
"Skyler Smith 119","skyler.smith119@omniverse689.onmicrosoft.com","HR","HR Business Partner","715e4ad3-764e-4648-b41c-db461b2e869d"
"Taylor Torres 120","taylor.torres120@omniverse689.onmicrosoft.com","HR","HR Business Partner","72c2ea17-0ed3-4cc4-9ff2-32e1eb853260"
"Avery Underwood 121","avery.underwood121@omniverse689.onmicrosoft.com","HR","HR Business Partner","27fcc03f-e5ce-4b15-9bdd-616e8bd34254"
"Bailey Vargas 122","bailey.vargas122@omniverse689.onmicrosoft.com","HR","HR Business Partner","24f3d8c3-e857-4565-8396-9d92df93515d"
"Charlie Walsh 123","charlie.walsh123@omniverse689.onmicrosoft.com","HR","HR Business Partner","291d7540-a6c5-428e-8cd4-cb219eaf1eba"
"Dylan Xavier 124","dylan.xavier124@omniverse689.onmicrosoft.com","HR","HR Business Partner","d2e02304-e968-451f-83cc-6c768c1ca7cc"
"Emerson Yang 125","emerson.yang125@omniverse689.onmicrosoft.com","HR","HR Business Partner","e99f4184-eaae-4001-8a29-292bf706503d"
"Alex Adams 126","alex.adams126@omniverse689.onmicrosoft.com","Legal","Compliance Analyst","64f1122a-d10c-4308-8831-81b8210de613"
"Blake Baker 127","blake.baker127@omniverse689.onmicrosoft.com","Legal","Compliance Analyst","4a579780-2815-408b-98b8-51bc2c357310"
"Cameron Chen 128","cameron.chen128@omniverse689.onmicrosoft.com","Legal","Compliance Analyst","5d4c7252-29cf-4127-a882-de4a1426a722"
"Casey Davis 129","casey.davis129@omniverse689.onmicrosoft.com","Legal","Compliance Analyst","762e58e0-ea4c-40a7-9c43-f83f6d2a5910"
"Dakota Evans 130","dakota.evans130@omniverse689.onmicrosoft.com","Legal","Compliance Analyst","c4517a31-dd32-447c-94b7-587ca151e31a"
"Drew Foster 131","drew.foster131@omniverse689.onmicrosoft.com","Legal","Compliance Analyst","7379aeb6-0b67-4b8e-8932-e451f8fd683d"
"Elliott Garcia 132","elliott.garcia132@omniverse689.onmicrosoft.com","Legal","Compliance Analyst","28979c2b-0002-4464-9558-7d998ceb1a12"
"Finley Harris 133","finley.harris133@omniverse689.onmicrosoft.com","Legal","Compliance Analyst","79162dcb-4766-4e22-9028-d66198b734ff"
"Harper Irving 134","harper.irving134@omniverse689.onmicrosoft.com","Legal","Compliance Analyst","d38b839a-7a88-4caf-bbf7-872f241d1729"
"Jordan Jones 135","jordan.jones135@omniverse689.onmicrosoft.com","Legal","Compliance Analyst","99e54750-bf56-4923-8a66-c28318808af6"
"Kennedy Kim 136","kennedy.kim136@omniverse689.onmicrosoft.com","Legal","Compliance Analyst","6142ec3e-a86c-4dee-a705-2435c429a494"
"Lane Lewis 137","lane.lewis137@omniverse689.onmicrosoft.com","Legal","Compliance Analyst","52f17d11-9e26-4113-ac0f-593be6c2ba9a"
"Morgan Moore 138","morgan.moore138@omniverse689.onmicrosoft.com","Legal","Compliance Analyst","e922fc41-2987-4530-8b1d-e8658160fed4"
"Parker Nelson 139","parker.nelson139@omniverse689.onmicrosoft.com","Legal","Compliance Analyst","e549f45e-9550-47f0-a480-72766bc54104"
"Quinn Ortiz 140","quinn.ortiz140@omniverse689.onmicrosoft.com","Legal","Compliance Analyst","4854f7f2-1df9-4b69-b5ac-ac6d80bc2a1e"
"Reese Patel 141","reese.patel141@omniverse689.onmicrosoft.com","Legal","Compliance Analyst","69d3d776-172a-42a6-9a3e-fae6ae3b9e7c"
"Riley Quinn 142","riley.quinn142@omniverse689.onmicrosoft.com","Legal","Compliance Analyst","414a64c3-af30-4767-956b-55e91bcb3bed"
"Sage Rivera 143","sage.rivera143@omniverse689.onmicrosoft.com","Legal","Compliance Analyst","545a0239-ac00-4c09-b1ca-cfd8395c002c"
"Skyler Smith 144","skyler.smith144@omniverse689.onmicrosoft.com","Legal","Compliance Analyst","148aefdb-d9b9-4174-bc5e-ec5ad95143f7"
"Taylor Torres 145","taylor.torres145@omniverse689.onmicrosoft.com","Legal","Compliance Analyst","0bf6e7e2-efef-4335-ae29-be56daa67692"
"Avery Underwood 146","avery.underwood146@omniverse689.onmicrosoft.com","Legal","Compliance Analyst","4614c968-5d50-4c71-94fe-4d8cb516a6be"
"Bailey Vargas 147","bailey.vargas147@omniverse689.onmicrosoft.com","Legal","Compliance Analyst","703fbff7-8cac-40a3-ad39-8ad863fcfb5e"
"Charlie Walsh 148","charlie.walsh148@omniverse689.onmicrosoft.com","Legal","Compliance Analyst","acca5573-cc7f-4a5f-bed8-7f4fb1e32625"
"Dylan Xavier 149","dylan.xavier149@omniverse689.onmicrosoft.com","Legal","Compliance Analyst","72160e64-a797-4bce-be51-860c4651ce75"
"Emerson Yang 150","emerson.yang150@omniverse689.onmicrosoft.com","Legal","Compliance Analyst","81e01015-5bad-4106-bb87-bce0925bbfdb"
"Alex Adams 151","alex.adams151@omniverse689.onmicrosoft.com","Marketing","Marketing Analyst","207b696e-38d7-43b6-b4da-d9764c4e7714"
"Blake Baker 152","blake.baker152@omniverse689.onmicrosoft.com","Marketing","Marketing Analyst","a044f59c-103b-4015-992a-ce688d8de569"
"Cameron Chen 153","cameron.chen153@omniverse689.onmicrosoft.com","Marketing","Marketing Analyst","32321745-fc18-44eb-9923-dfe75649322f"
"Casey Davis 154","casey.davis154@omniverse689.onmicrosoft.com","Marketing","Marketing Analyst","dc60412d-cad6-4e96-84df-2d2ff037c432"
"Dakota Evans 155","dakota.evans155@omniverse689.onmicrosoft.com","Marketing","Marketing Analyst","8d868c7e-2a0d-458d-813c-3100c7abd048"
"Drew Foster 156","drew.foster156@omniverse689.onmicrosoft.com","Marketing","Marketing Analyst","67307e24-1b9f-4f0d-bcff-c56f1ed6db3b"
"Elliott Garcia 157","elliott.garcia157@omniverse689.onmicrosoft.com","Marketing","Marketing Analyst","88f35327-247c-41f8-8afd-9ecdcd8349a6"
"Finley Harris 158","finley.harris158@omniverse689.onmicrosoft.com","Marketing","Marketing Analyst","172c33d3-c00e-4203-bd17-36526fc04d18"
"Harper Irving 159","harper.irving159@omniverse689.onmicrosoft.com","Marketing","Marketing Analyst","9fcfd99b-4923-4a07-afde-da4b858d9b7a"
"Jordan Jones 160","jordan.jones160@omniverse689.onmicrosoft.com","Marketing","Marketing Analyst","7272263d-c0c7-476e-a475-c55858ec06f7"
"Kennedy Kim 161","kennedy.kim161@omniverse689.onmicrosoft.com","Marketing","Marketing Analyst","9eb705be-95fa-4728-b3f0-d4db73dd9e2d"
"Lane Lewis 162","lane.lewis162@omniverse689.onmicrosoft.com","Marketing","Marketing Analyst","fa3950dc-1288-417c-b6c9-75595519b452"
"Morgan Moore 163","morgan.moore163@omniverse689.onmicrosoft.com","Marketing","Marketing Analyst","ae5e3a58-4964-4a6e-8140-82104cc82c26"
"Parker Nelson 164","parker.nelson164@omniverse689.onmicrosoft.com","Marketing","Marketing Analyst","997b239c-4685-48b4-a7d7-81ea743c738e"
"Quinn Ortiz 165","quinn.ortiz165@omniverse689.onmicrosoft.com","Marketing","Marketing Analyst","d3cf4e8a-c08b-470b-8d63-b381e628613d"
"Reese Patel 166","reese.patel166@omniverse689.onmicrosoft.com","Marketing","Marketing Analyst","eb5d0ba2-0337-4de0-8af2-0ba1ed0c12fd"
"Riley Quinn 167","riley.quinn167@omniverse689.onmicrosoft.com","Marketing","Marketing Analyst","4aa4a982-19af-40e4-bb01-7e78f1bd84fb"
"Sage Rivera 168","sage.rivera168@omniverse689.onmicrosoft.com","Marketing","Marketing Analyst","a5758ec7-593c-42d5-83b4-98e4a9a62636"
"Skyler Smith 169","skyler.smith169@omniverse689.onmicrosoft.com","Marketing","Marketing Analyst","ddf3404f-1894-4239-87c6-883b3daaca98"
"Taylor Torres 170","taylor.torres170@omniverse689.onmicrosoft.com","Marketing","Marketing Analyst","4037287f-0281-4634-8cef-caf27f649260"
"Avery Underwood 171","avery.underwood171@omniverse689.onmicrosoft.com","Marketing","Marketing Analyst","304e1787-c2a4-4fed-b762-4b9fc55cf1b7"
"Bailey Vargas 172","bailey.vargas172@omniverse689.onmicrosoft.com","Marketing","Marketing Analyst","a52e4f4b-d971-4aea-8cce-d1ab7d98e85a"
"Charlie Walsh 173","charlie.walsh173@omniverse689.onmicrosoft.com","Marketing","Marketing Analyst","ac9a21a5-0822-427f-95e8-16337e94fd6d"
"Dylan Xavier 174","dylan.xavier174@omniverse689.onmicrosoft.com","Marketing","Marketing Analyst","b1fc7be7-4eee-42bc-ab8d-aef0f7eb69ef"
"Emerson Yang 175","emerson.yang175@omniverse689.onmicrosoft.com","Marketing","Marketing Analyst","b0308776-52e5-4b44-8698-0d9d70f69ae6"
"Alex Adams 176","alex.adams176@omniverse689.onmicrosoft.com","Operations","Operations Analyst","8968467b-f2c2-4f34-83a2-a58cb137001b"
"Blake Baker 177","blake.baker177@omniverse689.onmicrosoft.com","Operations","Operations Analyst","2eeaab93-79f7-40ae-9beb-84efcd58ce19"
"Cameron Chen 178","cameron.chen178@omniverse689.onmicrosoft.com","Operations","Operations Analyst","d1a36f15-bb26-4663-8978-05f01fba473c"
"Casey Davis 179","casey.davis179@omniverse689.onmicrosoft.com","Operations","Operations Analyst","c87bb677-be22-4147-96b1-3ff09e909543"
"Dakota Evans 180","dakota.evans180@omniverse689.onmicrosoft.com","Operations","Operations Analyst","e723515e-d65f-420f-8598-a84eb69d633d"
"Drew Foster 181","drew.foster181@omniverse689.onmicrosoft.com","Operations","Operations Analyst","31acd3a5-18af-426f-ac91-bb540ec362c8"
"Elliott Garcia 182","elliott.garcia182@omniverse689.onmicrosoft.com","Operations","Operations Analyst","f1708d4c-2a1c-4349-847f-57b1b8962f0d"
"Finley Harris 183","finley.harris183@omniverse689.onmicrosoft.com","Operations","Operations Analyst","ba8aabfc-5839-4263-ae95-9b862c6e379a"
"Harper Irving 184","harper.irving184@omniverse689.onmicrosoft.com","Operations","Operations Analyst","40b8004d-1984-4cef-8f80-d8f55d3b07c6"
"Jordan Jones 185","jordan.jones185@omniverse689.onmicrosoft.com","Operations","Operations Analyst","24485071-002c-4f7d-a46a-a9da2ce6240b"
"Kennedy Kim 186","kennedy.kim186@omniverse689.onmicrosoft.com","Operations","Operations Analyst","18fc439d-1b6f-4881-96be-9f928feb61f3"
"Lane Lewis 187","lane.lewis187@omniverse689.onmicrosoft.com","Operations","Operations Analyst","349c106c-3aed-4a39-ba84-ed1bee0138b3"
"Morgan Moore 188","morgan.moore188@omniverse689.onmicrosoft.com","Operations","Operations Analyst","8a934ac4-134d-48af-a926-e9573dd81257"
"Parker Nelson 189","parker.nelson189@omniverse689.onmicrosoft.com","Operations","Operations Analyst","838de9bc-946a-41fc-9228-7a07bc371b7c"
"Quinn Ortiz 190","quinn.ortiz190@omniverse689.onmicrosoft.com","Operations","Operations Analyst","8d604180-de14-49b7-be1f-1d884b18692d"
"Reese Patel 191","reese.patel191@omniverse689.onmicrosoft.com","Operations","Operations Analyst","b43bcf87-ad4e-4b67-9d70-ec7fa5e2a816"
"Riley Quinn 192","riley.quinn192@omniverse689.onmicrosoft.com","Operations","Operations Analyst","24d60eac-8e6c-4265-899f-426a70ba4bbf"
"Sage Rivera 193","sage.rivera193@omniverse689.onmicrosoft.com","Operations","Operations Analyst","77879796-def3-49c5-94f6-9254d6267ad3"
"Skyler Smith 194","skyler.smith194@omniverse689.onmicrosoft.com","Operations","Operations Analyst","eef651be-2716-49ed-b6ad-e1a17713fe37"
"Taylor Torres 195","taylor.torres195@omniverse689.onmicrosoft.com","Operations","Operations Analyst","1977ddaf-fbfd-47d2-82bc-bd19252ca0e1"
"Avery Underwood 196","avery.underwood196@omniverse689.onmicrosoft.com","Operations","Operations Analyst","0c4fa606-6bec-4d58-b500-96ddd311ad87"
"Bailey Vargas 197","bailey.vargas197@omniverse689.onmicrosoft.com","Operations","Operations Analyst","c833b3ff-82ff-4191-914c-df5d40c4489e"
"Charlie Walsh 198","charlie.walsh198@omniverse689.onmicrosoft.com","Operations","Operations Analyst","1f6d1e41-050a-4769-a677-6d519432d71a"
"Dylan Xavier 199","dylan.xavier199@omniverse689.onmicrosoft.com","Operations","Operations Analyst","6ac360b4-ea67-445e-88ab-ced7790aec1f"
"Emerson Yang 200","emerson.yang200@omniverse689.onmicrosoft.com","Operations","Operations Analyst","533cf345-ac4f-41b9-acfa-f0ec1ef37dc0"
